scripts/ci/check_schema_drift.py	2
scripts/ci/detect_changed_modules.py	2
scripts/ci/generate_bundle_manifest.py	2
scripts/ci/invoke_selector_checks.py	2
scripts/ci/run_migration_checks.py	2
scripts/manual/audit_asyncio_run_sites.py	3
scripts/manual/audit_characterization_snapshot_brittleness.py	3
scripts/manual/llmlingua2_ab_eval.py	2
scripts/manual/report_broad_exception_handlers.py	3
scripts/smoke/interactive_demo_launch_smoke.py	3
scripts/smoke/interactive_real_config_launch_smoke.py	4
scripts/smoke/memory_sleep_smoke.py	2
scripts/validate/asyncio_run_boundary.py	2
scripts/validate/config_manager_usage.py	2
scripts/validate/control_value_constants.py	2
scripts/validate/data_root_defaults.py	2
scripts/validate/direct_env_calls.py	2
scripts/validate/env_config_centralization.py	2
scripts/validate/filename_underscore_hygiene.py	2
scripts/validate/logging_control_plane.py	2
scripts/validate/max_file_loc.py	2
scripts/validate/module_typed_raises.py	2
scripts/validate/mypy_error_budget.py	2
scripts/validate/no_raw_control_value_strings.py	4
scripts/validate/no_source_e2e_artifact_refs.py	4
scripts/validate/openminion_eval_layout.py	2
scripts/validate/openminion_root_layout.py	2
scripts/validate/path_structure_hygiene.py	2
scripts/validate/pydantic_extra_allow_audit.py	3
scripts/validate/recovery_pipeline_contract.py	2
scripts/validate/runtime_step_ownership.py	2
scripts/validate/self_improvement_contract.py	2
scripts/validate/telemetry_event_catalog.py	2
scripts/validate/termination_reason_vocabulary.py	2
scripts/validate/tool_selection_scoring_contract.py	3
scripts/validate/type_ignore_hygiene.py	2
tests/_csc_fixtures.py	2
tests/a2a/test_a2a_audit_postgres_conformance.py	4
tests/a2a/test_a2a_postgres_conformance.py	3
tests/a2a/test_audit_rotation_and_replaceable_stores.py	5
tests/a2a/test_audit_store_characterization.py	3
tests/a2a/test_audit_store_factory.py	3
tests/a2a/test_google_a2a_v1_conformance.py	4
tests/a2a/test_idempotency_stale_reclaim.py	3
tests/a2a/test_interfaces_contract.py	2
tests/a2a/test_protocol_envelope.py	2
tests/a2a/test_protocol_errors.py	2
tests/a2a/test_runtime_idempotency.py	2
tests/a2a/test_runtime_idempotency_replay_shape.py	4
tests/a2a/test_runtime_jobs.py	2
tests/api/routes/test_memory_route.py	2
tests/api/routes/test_runtime_self_model_route.py	4
tests/api/routes/test_skill_proposal_route.py	3
tests/api/routes/test_skill_route.py	2
tests/api/routes/test_skill_suggestion_route.py	3
tests/api/routes/test_tasks_route.py	2
tests/api/routes/test_turn_input_queue_route.py	4
tests/api/test_api_layout_characterization.py	3
tests/api/test_api_layout_validator.py	3
tests/api/test_approval_resume.py	2
tests/api/test_pphh_daemon_health.py	3
tests/api/test_public_surface.py	2
tests/api/test_shared_config.py	2
tests/api/test_turn_api_runtime_facade.py	4
tests/architecture/test_env_guard_script.py	3
tests/architecture/test_marker_discipline.py	2
tests/architecture/test_module_cycle_guard.py	3
tests/architecture/test_module_service_boundary.py	3
tests/architecture/test_no_pytest_skip_without_reason.py	5
tests/architecture/test_public_surface_linter.py	3
tests/artifact/test_alias_refs.py	2
tests/artifact/test_artifact_postgres_conformance.py	3
tests/artifact/test_blob_store.py	2
tests/artifact/test_edge_cases.py	2
tests/artifact/test_interfaces_contract.py	2
tests/base/config/test_permission_mode_overrides.py	3
tests/base/config/test_reasoning_boundary.py	2
tests/base/config/test_settings_resolver.py	2
tests/base/test_base_charter_validator.py	3
tests/base/test_base_layout_characterization.py	3
tests/base/test_config_shape_resolution.py	3
tests/base/test_error_adapters.py	2
tests/base/test_message_stats_contract.py	3
tests/base/test_runtime_ops_config.py	3
tests/base/test_runtime_telemetry_exporter_config.py	4
tests/base/test_shared_constants.py	2
tests/base/test_workspace_root_config_ownership.py	4
tests/brain/diagnostics/phase_contract_eval.py	2
tests/brain/diagnostics/phase_trace_grade.py	2
tests/brain/diagnostics/runners/run_chx09_mode_matrix.py	3
tests/brain/diagnostics/test_execution_status_payload_preservation.py	4
tests/brain/flow/test_dispatch_mode.py	2
tests/brain/loop/asc_closeout_smoke.py	2
tests/brain/loop/recursive/test_resolve_retrieval_strategy.py	3
tests/brain/loop/test_asc_closeout_smoke.py	3
tests/brain/loop/test_goal_access.py	2
tests/brain/loop/test_plan_control_goal_sync.py	4
tests/brain/loop/test_plan_control_progress_bridge.py	4
tests/brain/loop/test_provider_retry_policy.py	3
tests/brain/loop/test_self_compaction_e2e.py	3
tests/brain/loop/test_self_compaction_step.py	3
tests/brain/meta/test_evaluator_characterization.py	2
tests/brain/meta/test_event_payloads.py	2
tests/brain/meta/test_negative_paths.py	2
tests/brain/modes/test_act_adaptive.py	2
tests/brain/modes/test_async_delegate_characterization.py	3
tests/brain/modes/test_async_delegate_integration.py	3
tests/brain/modes/test_async_delegate_unit.py	3
tests/brain/modes/test_checkpoint_resumability.py	2
tests/brain/modes/test_coding_contracts.py	2
tests/brain/modes/test_coding_mode_compatibility.py	3
tests/brain/modes/test_coding_mode_integration.py	3
tests/brain/modes/test_coding_plan.py	2
tests/brain/modes/test_decompose_contracts.py	2
tests/brain/modes/test_decompose_e2e.py	2
tests/brain/modes/test_decompose_integration.py	2
tests/brain/modes/test_delegate_agent_to_agent_characterization.py	5
tests/brain/modes/test_delegate_agent_to_agent_real_harness.py	6
tests/brain/modes/test_delegate_contracts.py	2
tests/brain/modes/test_delegate_e2e.py	2
tests/brain/modes/test_delegate_integration.py	2
tests/brain/modes/test_eval_mode.py	2
tests/brain/modes/test_mode_runtime_policy.py	3
tests/brain/modes/test_mode_thinking_integration.py	3
tests/brain/modes/test_observe_mode.py	2
tests/brain/modes/test_parallel_execution_integration.py	3
tests/brain/modes/test_parallel_execution_unit.py	3
tests/brain/modes/test_parent_child_contracts.py	3
tests/brain/modes/test_parent_child_integration.py	3
tests/brain/modes/test_refine_mode.py	2
tests/brain/modes/test_research_contract.py	2
tests/brain/modes/test_research_integration.py	2
tests/brain/modes/test_scr11_correction_profiles.py	3
tests/brain/modes/test_task_backed_contracts.py	3
tests/brain/modes/test_workflow_base.py	2
tests/brain/reasoning/test_interfaces_contract.py	2
tests/brain/recursive/test_typed_selection.py	2
tests/brain/runner/test_cron_resume_integration.py	3
tests/brain/runner/test_cron_resume_unit.py	3
tests/brain/runner/test_tool_progress_event_bridge.py	4
tests/brain/runner_test_support.py	2
tests/brain/runtime/recall_decision/test_consultation_and_telemetry.py	3
tests/brain/runtime/recall_decision/test_e2e_smoke.py	2
tests/brain/runtime/recall_decision/test_recall_decision_schema.py	3
tests/brain/runtime/recall_decision/test_resolve_recall_decision.py	3
tests/brain/runtime/regrounding/test_audit_trail_integration.py	3
tests/brain/runtime/regrounding/test_e2e_smoke.py	2
tests/brain/runtime/regrounding/test_goal_drift_signal_schema.py	4
tests/brain/runtime/regrounding/test_per_tick_hook.py	3
tests/brain/runtime/regrounding/test_regrounding_policy.py	2
tests/brain/runtime/regrounding/test_tick_coordinator.py	2
tests/brain/runtime/test_goal_centered_autonomous_completion.py	4
tests/brain/runtime/test_goal_hierarchy.py	2
tests/brain/runtime/test_goal_lifecycle_verification.py	3
tests/brain/runtime/test_goal_run_until_done.py	4
tests/brain/runtime/test_improvement_candidates.py	2
tests/brain/runtime/test_improvement_composition.py	2
tests/brain/runtime/test_improvement_contracts.py	2
tests/brain/runtime/test_long_running_goals.py	3
tests/brain/runtime/test_reconciliation_judgment.py	2
tests/brain/runtime/test_reconciliation_reader.py	2
tests/brain/runtime/test_recovery_pipeline.py	2
tests/brain/runtime/test_review_diff_analyzer.py	3
tests/brain/runtime/test_review_observation.py	2
tests/brain/runtime/test_self_awareness.py	2
tests/brain/runtime/test_self_eval_rubric.py	3
tests/brain/runtime/test_threshold_calibration.py	2
tests/brain/runtime/test_verification_probe.py	2
tests/brain/safety/test_interfaces_contract.py	2
tests/brain/storage/test_goal_store.py	2
tests/brain/storage/test_mission_state_store.py	3
tests/brain/test_a2a_delegate_message.py	3
tests/brain/test_aatr_forbidden_fields.py	3
tests/brain/test_aatr_typed_autonomy_threshold.py	4
tests/brain/test_act_loop_mode.py	3
tests/brain/test_act_profiles.py	2
tests/brain/test_agent_goal_formation.py	3
tests/brain/test_agent_goal_formation_lifecycle.py	4
tests/brain/test_apbr_forbidden_fields.py	3
tests/brain/test_apbr_typed_autonomy_progress.py	4
tests/brain/test_ar0103_budget_envelope_defaults.py	4
tests/brain/test_artifact_bridge_client.py	3
tests/brain/test_artifact_ref_edge_runtime_injection.py	5
tests/brain/test_asrr_forbidden_fields.py	3
tests/brain/test_asrr_llm_judge_convergence_retired.py	5
tests/brain/test_asrr_typed_autonomy_strategy.py	4
tests/brain/test_auto_fact_extraction.py	3
tests/brain/test_brain_conversational_prompt_runtime_cleanup.py	5
tests/brain/test_budget_continuation.py	2
tests/brain/test_clarify_phase.py	2
tests/brain/test_cli_module.py	2
tests/brain/test_coding_handler_characterization.py	3
tests/brain/test_command_executor.py	2
tests/brain/test_config_profile_override.py	3
tests/brain/test_confirmation_helpers.py	2
tests/brain/test_confirmation_replay_bridge_integration.py	4
tests/brain/test_control_reply_replay.py	3
tests/brain/test_cross_turn_goal_persistence.py	4
tests/brain/test_decision_rationale_memory.py	3
tests/brain/test_decision_readiness.py	2
tests/brain/test_decision_schema_characterization.py	3
tests/brain/test_decision_typed_signals.py	3
tests/brain/test_execution_target_delegation.py	3
tests/brain/test_failure_memory_creation.py	3
tests/brain/test_freshness_enforcement.py	2
tests/brain/test_freshness_routing.py	2
tests/brain/test_goal_revision_mid_task.py	4
tests/brain/test_hidden_mode_absorption.py	3
tests/brain/test_integration_brain_v1.py	3
tests/brain/test_intent_first_decision_contract.py	4
tests/brain/test_intent_validators.py	2
tests/brain/test_iteration_budget_characterization.py	3
tests/brain/test_iteration_budget_regression.py	3
tests/brain/test_llm_request_builder.py	3
tests/brain/test_loop_strategy.py	2
tests/brain/test_memory_contract_adapters.py	3
tests/brain/test_meta_characterization.py	2
tests/brain/test_meta_checkpoint_hooks.py	3
tests/brain/test_meta_eval_budget_adjustments.py	4
tests/brain/test_meta_integration.py	2
tests/brain/test_meta_shim_exports.py	3
tests/brain/test_mission_mode.py	2
tests/brain/test_model_capability_profile_retry.py	4
tests/brain/test_model_capability_profile_unit.py	4
tests/brain/test_model_matrix.py	2
tests/brain/test_model_matrix_characterization.py	3
tests/brain/test_mtrr_forbidden_fields.py	3
tests/brain/test_mtrr_typed_missions.py	3
tests/brain/test_name_normalization.py	2
tests/brain/test_normalize_payload_plan_resilience.py	4
tests/brain/test_open_decision_schema.py	3
tests/brain/test_partial_success_reporting.py	3
tests/brain/test_pchc2_executionresult_kind_propagation.py	4
tests/brain/test_pchc_policy_confirmation_projection.py	4
tests/brain/test_pending_clarification_followup_guidance.py	4
tests/brain/test_per_agent_policy_override.py	4
tests/brain/test_permission_override_state.py	3
tests/brain/test_phase_contract_eval.py	3
tests/brain/test_phase_status_proof_of_life_characterization.py	6
tests/brain/test_phase_trace_grade.py	3
tests/brain/test_post_action.py	2
tests/brain/test_post_completion_critique_memory.py	4
tests/brain/test_proactive_autonomous_entrypoint.py	3
tests/brain/test_promotion_forbidden_fields.py	3
tests/brain/test_provider_overrides.py	2
tests/brain/test_replay_fixtures.py	2
tests/brain/test_replay_state.py	2
tests/brain/test_respond_clarify_contract.py	3
tests/brain/test_rlm_clients.py	2
tests/brain/test_runner_clarify.py	2
tests/brain/test_runner_commands.py	2
tests/brain/test_runner_context.py	2
tests/brain/test_runner_decision.py	2
tests/brain/test_runner_flow_parity.py	3
tests/brain/test_runner_golden.py	2
tests/brain/test_runner_intent.py	2
tests/brain/test_runner_lifecycle.py	2
tests/brain/test_runner_llm_normalize.py	3
tests/brain/test_runner_meta.py	2
tests/brain/test_runner_resume.py	2
tests/brain/test_runner_tool_parsing.py	3
tests/brain/test_runner_tools.py	2
tests/brain/test_runner_transitions.py	2
tests/brain/test_runtime_resolved_act_routing.py	4
tests/brain/test_schema_validation.py	2
tests/brain/test_sequential_orchestration.py	2
tests/brain/test_skill_composition.py	2
tests/brain/test_skill_full_lifecycle_e2e.py	4
tests/brain/test_skill_log_run_wiring.py	4
tests/brain/test_skill_pipeline.py	2
tests/brain/test_skill_selection.py	2
tests/brain/test_success_memory_creation.py	3
tests/brain/test_task_plan_structured_conflict.py	4
tests/brain/test_telemetry_ops.py	2
tests/brain/test_tgcr_forbidden_fields.py	3
tests/brain/test_tgcr_typed_goal_contract.py	4
tests/brain/test_tgcr_verifier_contract.py	3
tests/brain/test_tick_preparation_characterization.py	3
tests/brain/test_tick_validation_characterization.py	3
tests/brain/test_tool_capabilities.py	2
tests/brain/test_tool_scope_consistency.py	3
tests/brain/test_trailer_feedback_lifecycle.py	3
tests/brain/test_trailer_guidance_self_consistency.py	4
tests/brain/test_trailer_postprocess.py	2
tests/brain/test_tscm_metadata_handoff.py	3
tests/brain/test_typed_promotion.py	2
tests/brain/test_unified_turn_entry.py	3
tests/brain/tool_loops/test_control_rail_contract.py	3
tests/brain/tool_loops/test_correction_dispatch.py	2
tests/brain/tool_loops/test_correction_e2e.py	2
tests/brain/tool_loops/test_exact_date_query_guard.py	4
tests/brain/tool_loops/test_memory_templates.py	2
tests/brain/tool_loops/test_parallel_capacity.py	2
tests/brain/tool_loops/test_plan_control.py	2
tests/brain/tool_loops/test_reflection_telemetry.py	2
tests/brain/tool_loops/test_scr12_correction_telemetry.py	3
tests/brain/tools/test_readonly_gate.py	2
tests/browser-pinchtab/test_daemon_log_handle_close.py	4
tests/browser-pinchtab/test_interface_contract_browser_pinchtab.py	4
tests/browser-pinchtab/test_pinchtab_plugin.py	2
tests/browser-pinchtab/test_provider_v2.py	2
tests/browser-pinchtab/test_real_browser_e2e.py	3
tests/browser-playwright/test_debug_provider.py	2
tests/browser-playwright/test_e2e_playwright_canonical.py	3
tests/browser-playwright/test_interface_contract_browser_playwright.py	4
tests/browser-playwright/test_parity_integration.py	2
tests/browser/test_browser_tool.py	2
tests/browser/test_browser_utils.py	2
tests/browser/test_interfaces_contract.py	2
tests/checkpoint/test_checkpoint_module.py	2
tests/ci/runners/run_exec_validation_matrix_lane.py	4
tests/cli/interactive/test_activity_ledger_rich_adoption.py	4
tests/cli/interactive/test_compat_matrix.py	2
tests/cli/interactive/test_focus_agent_switch_rebind.py	4
tests/cli/interactive/test_focus_approval_persistence.py	3
tests/cli/interactive/test_focus_completion_bell.py	3
tests/cli/interactive/test_focus_composer.py	2
tests/cli/interactive/test_focus_ctrl_j_newline.py	4
tests/cli/interactive/test_focus_dashboard_slash.py	3
tests/cli/interactive/test_focus_error_hints.py	3
tests/cli/interactive/test_focus_file_index.py	3
tests/cli/interactive/test_focus_file_mention_overlay.py	4
tests/cli/interactive/test_focus_file_mentions.py	3
tests/cli/interactive/test_focus_greeter.py	2
tests/cli/interactive/test_focus_input_chrome.py	3
tests/cli/interactive/test_focus_line_continuation.py	3
tests/cli/interactive/test_focus_mode.py	2
tests/cli/interactive/test_focus_resume_picker.py	3
tests/cli/interactive/test_focus_shell_bindings.py	3
tests/cli/interactive/test_focus_shell_escape.py	3
tests/cli/interactive/test_focus_slash_autocomplete.py	3
tests/cli/interactive/test_focus_slash_commands.py	3
tests/cli/interactive/test_focus_slash_parity.py	3
tests/cli/interactive/test_focus_status_format_parity.py	4
tests/cli/interactive/test_focus_status_line_richness.py	4
tests/cli/interactive/test_focus_status_warning.py	3
tests/cli/interactive/test_focus_streaming_cursor.py	3
tests/cli/interactive/test_focus_streaming_wiring.py	3
tests/cli/interactive/test_focus_thread_polish.py	3
tests/cli/interactive/test_focus_token_detection.py	3
tests/cli/interactive/test_focus_tool_block_polish.py	4
tests/cli/interactive/test_focus_tool_block_verbs.py	4
tests/cli/interactive/test_focus_transcript.py	2
tests/cli/interactive/test_focus_turn_interrupt.py	3
tests/cli/interactive/test_focus_welcome_banner.py	3
tests/cli/interactive/test_focus_widgets.py	2
tests/cli/interactive/test_openminion_runtime.py	2
tests/cli/interactive/test_project_context.py	2
tests/cli/interactive/test_tess_05_widget_provenance_fallback.py	5
tests/cli/interactive/test_tool_exposure_commands.py	3
tests/cli/presentation/test_fle_tool_event_call_id.py	5
tests/cli/presentation/test_fpc_custom_commands.py	3
tests/cli/presentation/test_fpc_image_paste.py	3
tests/cli/presentation/test_fvp_markers.py	2
tests/cli/presentation/test_git_diff.py	2
tests/cli/presentation/test_permissions_menu.py	2
tests/cli/presentation/test_slash_commands_contract.py	3
tests/cli/presentation/test_visible_parity.py	2
tests/cli/status/test_activity_ledger.py	2
tests/cli/status/test_activity_ledger_payload_audit.py	4
tests/cli/status/test_collapse_output.py	2
tests/cli/status/test_ptp_per_action_metrics.py	4
tests/cli/status/test_status_self.py	2
tests/cli/status/test_task_plan_cross_surface.py	4
tests/cli/status/test_tool_calls.py	2
tests/cli/test_autonomy_command.py	2
tests/cli/test_channel_telegram_cli.py	3
tests/cli/test_chat_deprecation_notice.py	3
tests/cli/test_cli_layout_characterization.py	3
tests/cli/test_cli_layout_validator.py	3
tests/cli/test_cli_status_shared_surface.py	4
tests/cli/test_context_cleanup.py	2
tests/cli/test_crtl_daemon_default_and_recovery.py	5
tests/cli/test_cuc_cross_surface_consistency.py	4
tests/cli/test_dashboard_deprecation_notice.py	3
tests/cli/test_default_invocation.py	2
tests/cli/test_focus_backend_selection.py	3
tests/cli/test_focus_verbosity_resolution.py	3
tests/cli/test_goal_command.py	2
tests/cli/test_plan_render.py	2
tests/cli/test_profile_selection.py	2
tests/cli/test_shared_config.py	2
tests/cli/test_skill_cli_e2e.py	3
tests/cli/test_status_extensions.py	2
tests/cli/test_storage_migration_commands.py	3
tests/cli/test_surface_telemetry.py	2
tests/cli/test_tasks_command.py	2
tests/cli/test_theme_contrast.py	2
tests/cli/test_theme_models_and_catalog.py	4
tests/cli/test_theme_rich_adapter.py	3
tests/cli/test_theme_selection.py	2
tests/cli/test_theme_variant_wiring.py	3
tests/cli/test_update_check.py	2
tests/cli/ux/test_fpp_preferences_file.py	3
tests/cli/ux/test_progress_helper.py	2
tests/cli/ux/test_verbosity_helper.py	2
tests/compress/eval/test_llmlingua2_vs_extractive_eval.py	4
tests/compress/test_compress_postgres_conformance.py	3
tests/compress/test_ctx_manifest_compat.py	3
tests/compress/test_extractive_v1.py	2
tests/compress/test_interfaces_contract.py	2
tests/compress/test_llmlingua2_v1.py	2
tests/compress/test_longllmlingua_v1.py	2
tests/compress/test_policy_registry.py	2
tests/compress/test_policy_tiers.py	2
tests/compress/test_recomp_extractive_v1.py	3
tests/compress/test_rlm_compat.py	2
tests/compress/test_selective_context_v1.py	3
tests/compress/test_telemetry_ops.py	2
tests/compress/test_v15_compaction.py	2
tests/config/test_agent_profile_selection.py	3
tests/config/test_capability_layering_runtime.py	3
tests/config/test_skill_e2e_configs.py	3
tests/config/test_storage_config.py	2
tests/config/test_unified_channel_config.py	3
tests/context/knowledge/test_config_parsing.py	2
tests/context/knowledge/test_gateway_context.py	2
tests/context/knowledge/test_graphify_adapter.py	2
tests/context/knowledge/test_pragmagraph_adapter.py	2
tests/context/knowledge/test_pragmagraph_provider_swap.py	3
tests/context/test_active_state_projection.py	3
tests/context/test_c21_precision_pipeline.py	3
tests/context/test_compaction_eligibility.py	2
tests/context/test_context_budget_tier.py	3
tests/context/test_context_drop_visibility.py	3
tests/context/test_contextpack_schema.py	2
tests/context/test_contract_registry_health.py	3
tests/context/test_decide_skill_snippet_packing.py	4
tests/context/test_decision_memory_context.py	3
tests/context/test_efficiency_v15.py	2
tests/context/test_improvement_note_context.py	3
tests/context/test_input_boundaries.py	2
tests/context/test_interfaces_contract.py	2
tests/context/test_low_progress_signal_context.py	4
tests/context/test_mct_recent_window_task_hydration.py	5
tests/context/test_post_completion_critique_context.py	4
tests/context/test_segment_assembly_characterization.py	3
tests/context/test_self_awareness_context.py	3
tests/context/test_self_awareness_context_adapter.py	4
tests/context/test_self_compaction_substrate.py	3
tests/context/test_service_behavior.py	2
tests/context/test_strategy_outcome_context.py	3
tests/context/test_telemetry_ops.py	2
tests/context/test_trim_golden_parity.py	3
tests/context/test_v15_packing.py	2
tests/context/test_v15_rollover.py	2
tests/controlplane/characterization/test_ctcr_telegram_surface.py	3
tests/controlplane/slack/integration/test_live_smoke.py	2
tests/controlplane/slack/integration/test_slack_fake_e2e.py	3
tests/controlplane/slack/test_bot_api.py	2
tests/controlplane/slack/test_command_parity.py	2
tests/controlplane/slack/test_http_events.py	2
tests/controlplane/slack/test_slash_commands.py	2
tests/controlplane/slack/test_socket_mode.py	2
tests/controlplane/slack/test_state_store.py	2
tests/controlplane/telegram/integration/test_group_chat_flow.py	3
tests/controlplane/telegram/integration/test_live_smoke.py	2
tests/controlplane/telegram/integration/test_nl_skill_learn_integration.py	4
tests/controlplane/telegram/integration/test_pairing_full_flow.py	3
tests/controlplane/telegram/integration/test_polling_integration.py	2
tests/controlplane/telegram/integration/test_skill_flow_integration.py	3
tests/controlplane/telegram/integration/test_webhook_integration.py	2
tests/controlplane/telegram/test_command_parity.py	2
tests/controlplane/telegram/test_controlplane_file_listing_parity.py	4
tests/controlplane/telegram/test_delivery_error_mapping.py	3
tests/controlplane/telegram/test_ingest_parity.py	2
tests/controlplane/telegram/test_inline_keyboard_threading.py	3
tests/controlplane/telegram/test_interfaces_contract.py	2
tests/controlplane/telegram/test_learn_use_parity.py	3
tests/controlplane/telegram/test_long_message_chunking.py	3
tests/controlplane/telegram/test_markdown_chunk_safety.py	3
tests/controlplane/telegram/test_polling_offset_persistence.py	3
tests/controlplane/telegram/test_reply_edit_reactions.py	3
tests/controlplane/telegram/test_skill_command_routing.py	3
tests/controlplane/telegram/test_state_store.py	2
tests/controlplane/telegram/test_webhook_auth.py	2
tests/controlplane/telegram/test_webhook_secret_rotation.py	3
tests/controlplane/telegram/test_webhook_secret_validation.py	3
tests/controlplane/telegram/test_webhook_update_id_dedup.py	4
tests/controlplane/test_adapter_onboarding_template_contracts.py	4
tests/controlplane/test_admin_command_gate.py	3
tests/controlplane/test_audit_chain_e2e.py	3
tests/controlplane/test_audit_sink_observability.py	3
tests/controlplane/test_boot_binding_audit.py	3
tests/controlplane/test_brain_client_e2e.py	3
tests/controlplane/test_channel_registry.py	2
tests/controlplane/test_command_modules.py	2
tests/controlplane/test_concurrent_inbound.py	2
tests/controlplane/test_controlplane_postgres_conformance.py	3
tests/controlplane/test_cortensor_delivery_unblock.py	3
tests/controlplane/test_cron_delivery.py	2
tests/controlplane/test_dispatcher_clarify_hydration.py	3
tests/controlplane/test_dispatcher_wizard_session_resolution.py	4
tests/controlplane/test_durable_pipeline.py	2
tests/controlplane/test_identity_api.py	2
tests/controlplane/test_identity_store.py	2
tests/controlplane/test_interfaces_contract.py	2
tests/controlplane/test_outbox_audit_trail_e2e.py	4
tests/controlplane/test_outbox_max_attempts_boundary.py	4
tests/controlplane/test_p3a_regression_matrix.py	3
tests/controlplane/test_postgres_dispatcher_roundtrip.py	3
tests/controlplane/test_session_bind_ownership.py	3
tests/controlplane/test_session_resume_across_restart.py	4
tests/controlplane/test_skill_fixture_controlplane.py	3
tests/controlplane/test_telegram_approval.py	2
tests/controlplane/test_wizard_async_dispatch.py	3
tests/controlplane/test_wizard_integration.py	2
tests/controlplane/test_wizard_sqlite_store.py	3
tests/cron/characterization/test_ctcr_cron_surface.py	3
tests/cron/test_interfaces_contract.py	2
tests/ctce/test_chain_quality_gate.py	3
tests/e2e/ops/test_live_ssh.py	2
tests/e2e/ops/test_local_readonly.py	2
tests/e2e/runners/run_autonomy_smoke.py	2
tests/e2e/runners/run_chat_permutations_e2e.py	3
tests/e2e/runners/run_cli_chat_probe.py	3
tests/e2e/runners/run_cli_e2e_gate.py	3
tests/e2e/runners/run_cortensor_e2e_suite.py	3
tests/e2e/runners/run_crdh_e2e_smoke.py	3
tests/e2e/runners/run_flagship_differentiation_proof.py	3
tests/e2e/runners/run_inference_validation_smoke.py	3
tests/e2e/runners/run_live_skill_dense_catalog_probe.py	5
tests/e2e/runners/run_memory_identity_e2e_smoke.py	4
tests/e2e/runners/run_project_worker_e2e.py	3
tests/e2e/runners/run_trailer_conformance_matrix.py	3
tests/e2e/runners/run_cli_focus_e2e.py	3
tests/e2e/skill_learning/test_workflow_learning_pipeline.py	3
tests/e2e/test_cli_chat_probe_runner.py	4
tests/e2e/test_live_cli_chat_afe_cross_provider.py	6
tests/e2e/test_live_cli_chat_alibaba_minimax_matrix.py	6
tests/e2e/test_live_cli_chat_alibaba_minimax_memory_tool_interleave.py	8
tests/e2e/test_live_cli_chat_identity_yaml_matrix.py	6
tests/e2e/test_live_cli_chat_minimax_official_aib_scaling.py	7
tests/e2e/test_live_cli_chat_minimax_official_coding_project.py	7
tests/e2e/test_live_cli_chat_minimax_official_complex_task_integrity.py	8
tests/e2e/test_live_cli_chat_minimax_official_conversational_fact_supersession.py	8
tests/e2e/test_live_cli_chat_minimax_official_ctgp_autonomous_plan.py	8
tests/e2e/test_live_cli_chat_minimax_official_pae_idle_tick.py	8
tests/e2e/test_live_cli_chat_minimax_official_ppl_proof_of_life.py	9
tests/e2e/test_live_cli_chat_minimax_official_srtf_poisoned_recovery.py	8
tests/e2e/test_live_cli_chat_minimax_official_task_cron.py	7
tests/e2e/test_live_cli_chat_minimax_official_tool_matrix.py	7
tests/e2e/test_live_cli_chat_minimax_official_vkcr_email_supersession.py	8
tests/e2e/test_live_github_pr_review_routine.py	5
tests/e2e/test_live_github_write_actions.py	4
tests/e2e/test_live_skill_cli_smoke.py	4
tests/e2e/test_live_skill_dense_catalog_matrix.py	5
tests/e2e/test_live_skill_model_matrix.py	4
tests/e2e/test_live_tool_new_tools_openrouter_matrix.py	6
tests/e2e/test_live_tool_profile_matrix.py	4
tests/e2e/test_run_chat_permutations_e2e.py	4
tests/e2e/test_run_cli_chat_probe.py	4
tests/e2e/test_trailer_conformance_matrix.py	3
tests/e2e/cli/focus/test_harness_artifacts.py	2
tests/e2e/cli/focus/test_harness_assertions.py	2
tests/e2e/cli/focus/test_live_basic.py	2
tests/e2e/cli/focus/test_live_complex.py	2
tests/e2e/cli/focus/test_live_soak.py	2
tests/e2e/cli/focus/test_live_tools.py	2
tests/eval/test_flagship_differentiation_replay.py	3
tests/helpers/flagship_differentiation_proof.py	2
tests/helpers/live_cli_chat_alibaba.py	3
tests/helpers/live_e2e_profiles.py	2
tests/helpers/live_skill_targets.py	2
tests/helpers/memory_e2e_helpers.py	2
tests/helpers/real_a2a_delegate_harness.py	3
tests/helpers/test_live_cli_chat_transcript_parser.py	5
tests/helpers/test_memory_e2e_helpers.py	3
tests/identity/test_bundle_export.py	2
tests/identity/test_bundle_import.py	2
tests/identity/test_config_helpers.py	2
tests/identity/test_controlplane_render.py	2
tests/identity/test_identity_isci.py	2
tests/identity/test_identity_postgres_conformance.py	3
tests/identity/test_interfaces_contract.py	2
tests/identity/test_repository_adapter.py	2
tests/integration/test_aatr_autonomy_threshold_integration.py	4
tests/integration/test_action_approval_e2e.py	3
tests/integration/test_apbr_progress_budget_integration.py	4
tests/integration/test_asrr_strategy_convergence_integration.py	4
tests/integration/test_brain_auto_fact_extraction_coverage.py	5
tests/integration/test_brain_client_shutdown.py	3
tests/integration/test_candidate_first_learning.py	3
tests/integration/test_ccs_cross_module_contracts.py	4
tests/integration/test_continuity_hardening.py	2
tests/integration/test_controlplane_modules_only_gate.py	4
tests/integration/test_durable_pipeline_e2e.py	3
tests/integration/test_e2e_candidate_contradiction.py	3
tests/integration/test_e2e_disuse_decay_recall.py	4
tests/integration/test_e2e_feature_matrix.py	3
tests/integration/test_e2e_full_lifecycle.py	3
tests/integration/test_e2e_paraphrase_capsule.py	3
tests/integration/test_e2e_preference_stability.py	3
tests/integration/test_e2e_reflection_to_capsule.py	4
tests/integration/test_e2e_scope_isolation.py	3
tests/integration/test_exact_scope_isolation.py	3
tests/integration/test_exec_sandboxing.py	2
tests/integration/test_git_tool_flow.py	3
tests/integration/test_lgmh_smoke.py	2
tests/integration/test_memory_export_import.py	3
tests/integration/test_mii_phase2_cross_session.py	4
tests/integration/test_mii_phase3_aging.py	3
tests/integration/test_mii_phase4_feedback.py	3
tests/integration/test_mii_phase5_contradiction.py	3
tests/integration/test_mtrr_mission_routing_integration.py	4
tests/integration/test_operator_storage_workflow.py	3
tests/integration/test_outbox_worker_wired.py	3
tests/integration/test_outcome_attribution.py	2
tests/integration/test_outcome_weighted_promotion.py	3
tests/integration/test_outcome_weighted_scoring.py	3
tests/integration/test_parallel_rollout_patch_apply.py	4
tests/integration/test_postgres_tier1_promotion.py	3
tests/integration/test_postgres_tier2_promotion.py	3
tests/integration/test_postgres_tier3_memory_promotion.py	4
tests/integration/test_ranking_unification.py	2
tests/integration/test_rate_limiter_wired.py	3
tests/integration/test_reflection_promotion.py	2
tests/integration/test_rmq_phase_a_ranking.py	4
tests/integration/test_rmq_phase_b_diversity.py	4
tests/integration/test_rmq_phase_c_recall.py	4
tests/integration/test_runtime_storage_postgres.py	3
tests/integration/test_security_attack_chain.py	3
tests/integration/test_sleep_consolidation_loop.py	3
tests/integration/test_status_payload_audit_health.py	4
tests/integration/test_success_path_memory_creation.py	4
tests/integration/test_tgcr_goal_run_lifecycle.py	4
tests/integration/test_tools_endpoint_parity.py	3
tests/integration/test_truth_maintenance.py	2
tests/integration/test_typed_durable_memory.py	3
tests/integration/test_unified_config_bootstrap.py	3
tests/integration/test_unified_config_roundtrip.py	3
tests/integration/test_unified_config_slack_roundtrip.py	4
tests/integration/test_unified_config_webhook_roundtrip.py	4
tests/integration/test_webhook_http_listener_real.py	4
tests/integration/test_wizard_sqlite_default_registration.py	4
tests/llm/providers/behavior/test_pbpgh_02_profile_full_selector.py	5
tests/llm/providers/behavior/test_pbpgh_03_parser_registry_genericization.py	5
tests/llm/providers/behavior/test_pbpgh_04_request_compat_profile_driven.py	6
tests/llm/providers/behavior/test_pbpgh_05_bounded_extension_proof.py	5
tests/llm/providers/behavior/test_pbpgh_baseline.py	2
tests/llm/providers/test_openai_dialect_tool_name_sanitization.py	5
tests/llm/test_adapter_contract.py	2
tests/llm/test_async_compat.py	2
tests/llm/test_channel_envelope_regression.py	3
tests/llm/test_cli_orchestration.py	2
tests/llm/test_client_cost_budget.py	3
tests/llm/test_config_cost_hint.py	3
tests/llm/test_crtl_openai_streaming.py	3
tests/llm/test_crtl_prompt_cache_observability.py	4
tests/llm/test_envelope_v2.py	2
tests/llm/test_envelope_v2_thinking.py	3
tests/llm/test_http_payload_tracing.py	3
tests/llm/test_interfaces_contract.py	2
tests/llm/test_legacy_alias_recovery.py	3
tests/llm/test_no_vendor_leak_core_path.py	5
tests/llm/test_openai_request_compat_characterization.py	4
tests/llm/test_openrouter_full_chain.py	3
tests/llm/test_pphh_transport_timeout_metrics.py	4
tests/llm/test_provider_adapters_contract.py	3
tests/llm/test_provider_identity_phase_a.py	4
tests/llm/test_provider_lane_diagnostics.py	3
tests/llm/test_provider_response_thinking.py	3
tests/llm/test_provider_runtime_policy.py	3
tests/llm/test_provider_tool_calling.py	3
tests/llm/test_providers_http.py	2
tests/llm/test_providers_ir_regression.py	3
tests/llm/test_providers_no_direct_urlopen.py	4
tests/llm/test_providers_public_exports.py	3
tests/llm/test_telemetry_ops.py	2
tests/llm/test_tool_policy_aliases.py	3
tests/mcp/fixtures/mock_mcp_server.py	2
tests/mcp/test_agent_mcp_exposure_scoping.py	4
tests/mcp/test_bootstrap_parallel_discovery.py	3
tests/mcp/test_cancellation_and_progress.py	3
tests/mcp/test_client_capability_breadth.py	3
tests/mcp/test_compatibility_matrix.py	2
tests/mcp/test_completion_support.py	2
tests/mcp/test_discovery_cache.py	2
tests/mcp/test_elicitation_bridge.py	2
tests/mcp/test_graph_package_servers.py	3
tests/mcp/test_http_server_callbacks.py	3
tests/mcp/test_http_sse_transport.py	3
tests/mcp/test_http_transport_breadth.py	3
tests/mcp/test_list_changed_notifications.py	3
tests/mcp/test_mcp_cli_management.py	3
tests/mcp/test_mcp_tui_ux.py	3
tests/mcp/test_module_contract.py	2
tests/mcp/test_protocol_version_negotiation.py	3
tests/mcp/test_resource_subscriptions.py	2
tests/mcp/test_rich_tool_results.py	3
tests/mcp/test_sampling_bridge.py	2
tests/mcp/test_schema_subset.py	2
tests/mcp/test_session_crash_recovery.py	3
tests/mcp/test_static_exposure.py	2
tests/mcp/test_stdio_framing_interop.py	3
tests/mcp/test_stdio_sandbox.py	2
tests/mcp/test_tool_risk_posture.py	3
tests/memory/runtime/test_agent_scope_boundaries.py	3
tests/memory/runtime/test_consolidation_durable_writes.py	3
tests/memory/runtime/test_consolidation_e2e.py	2
tests/memory/runtime/test_consolidation_eligibility.py	2
tests/memory/runtime/test_consolidation_extract.py	2
tests/memory/runtime/test_consolidation_merge.py	2
tests/memory/runtime/test_consolidation_seam.py	2
tests/memory/runtime/test_tmc_closeout_smoke.py	3
tests/memory/runtime/tmc_closeout_smoke.py	2
tests/memory/storage/test_fts_tokenizer_underscore.py	3
tests/memory/test_audit_trail.py	2
tests/memory/test_auto_extraction_staging.py	3
tests/memory/test_backend_factory.py	2
tests/memory/test_backend_interfaces_kce01.py	3
tests/memory/test_bundle_deleted_fields_roundtrip.py	4
tests/memory/test_bundle_provenance_roundtrip.py	3
tests/memory/test_cli_provenance_and_forget.py	4
tests/memory/test_cli_read_commands.py	3
tests/memory/test_concurrency_upsert_promote.py	3
tests/memory/test_contracts_v1.py	2
tests/memory/test_entity_episode_submissions.py	3
tests/memory/test_external_backend_contract_kce09.py	4
tests/memory/test_gc_postgres.py	2
tests/memory/test_goal_id_tag.py	3
tests/memory/test_graph_relations.py	2
tests/memory/test_interfaces_contract.py	2
tests/memory/test_kce_public_surface_snapshot.py	4
tests/memory/test_knowledge_extraction_surface.py	3
tests/memory/test_memory_blocks_cli.py	3
tests/memory/test_memory_characterization.py	2
tests/memory/test_memory_export_import.py	3
tests/memory/test_memory_postgres_conformance.py	3
tests/memory/test_memory_search_quality.py	3
tests/memory/test_mii_phase1_scope.py	3
tests/memory/test_mii_phase3_lifecycle.py	3
tests/memory/test_normalized_keys.py	2
tests/memory/test_operability_postgres.py	2
tests/memory/test_outcome_feedback.py	2
tests/memory/test_policy_engines.py	2
tests/memory/test_postgres_store_workflow_invariants.py	4
tests/memory/test_promotion_policy.py	2
tests/memory/test_provenance_and_forget.py	3
tests/memory/test_provenance_recorder.py	2
tests/memory/test_public_portability.py	2
tests/memory/test_reinforcement_surface.py	2
tests/memory/test_remote_transport.py	2
tests/memory/test_retrieval_feedback_emission.py	3
tests/memory/test_rrpcr_regression.py	2
tests/memory/test_session_memory_durability.py	3
tests/memory/test_smoke_memory_contract.py	3
tests/memory/test_sophiagraph_artifact_memory.py	3
tests/memory/test_sophiagraph_certification.py	2
tests/memory/test_sophiagraph_collaborative_workbench.py	3
tests/memory/test_sophiagraph_community_query_direct_library.py	5
tests/memory/test_sophiagraph_context_assembly.py	3
tests/memory/test_sophiagraph_embedding_lifecycle.py	3
tests/memory/test_sophiagraph_followon_direct_library.py	4
tests/memory/test_sophiagraph_governance_and_lifecycle.py	4
tests/memory/test_sophiagraph_graph_backend_direct_library.py	5
tests/memory/test_sophiagraph_graph_explorer_direct_library.py	5
tests/memory/test_sophiagraph_memory_effectiveness_eval.py	4
tests/memory/test_sophiagraph_multimodal_queryability.py	3
tests/memory/test_sophiagraph_okf_direct_library.py	4
tests/memory/test_sophiagraph_ontology_binding.py	3
tests/memory/test_sophiagraph_privacy_policy.py	3
tests/memory/test_sophiagraph_storage_operations.py	3
tests/memory/test_sophiagraph_temporal_convergence.py	3
tests/memory/test_sophiagraph_vault_direct_library.py	4
tests/memory/test_sophiagraph_workspace_live_sync.py	4
tests/memory/test_sqlite_candidates.py	2
tests/memory/test_sqlite_entity_retrieval.py	3
tests/memory/test_sqlite_migrations.py	2
tests/memory/test_sqlite_promote_candidate.py	3
tests/memory/test_sqlite_records.py	2
tests/memory/test_sqlite_search.py	2
tests/memory/test_sqlite_store_smoke.py	3
tests/memory/test_sqlite_upsert_history.py	3
tests/memory/test_srtf_02_fact_source_isolation.py	5
tests/memory/test_srtf_05_cross_session_isolation.py	5
tests/memory/test_store_characterization.py	2
tests/memory/test_submissions_pipeline.py	2
tests/memory/test_telemetry_ops.py	2
tests/memory/test_tool_failure_diagnostics.py	3
tests/memory/test_unified_scorer_edge_cases.py	4
tests/memory/test_vkcr_normalized_key_upsert.py	4
tests/memory/trust/test_rate_limit.py	2
tests/modules/brain/loop/test_adaptive_characterization.py	2
tests/modules/brain/loop/tools/test_direct_tool_closure_scope.py	4
tests/modules/brain/loop/tools/test_engine_characterization.py	2
tests/modules/brain/loop/tools/test_post_tool_followup_role_attribution.py	5
tests/modules/brain/loop/tools/test_review_control.py	2
tests/modules/brain/loop/tools/test_review_dispatch.py	2
tests/modules/brain/loop/tools/test_runtime_submit_output_final_answer.py	5
tests/modules/session/todo/test_todo_store.py	2
tests/modules/test_module_base.py	2
tests/modules/test_module_framework_integration.py	3
tests/modules/test_module_registry.py	2
tests/modules/test_modules_layout_characterization.py	3
tests/modules/test_modules_shape_validator.py	3
tests/modules/test_pphh_no_library_prints.py	4
tests/modules/test_shared_paths.py	2
tests/modules/tool/runtime/test_blast_radius.py	2
tests/modules/tool/test_argument_repair.py	2
tests/modules/tool/test_audit_dual_write.py	3
tests/modules/tool/test_context_helpers.py	2
tests/modules/tool/test_display_names.py	2
tests/modules/tool/test_family_events.py	2
tests/modules/tool/test_family_policy.py	2
tests/modules/tool/test_family_runtime.py	2
tests/modules/tool/test_public_facade_surface.py	3
tests/modules/tool/test_registry_toolspec_runtime.py	3
tests/modules/tool/test_runtime_repositories.py	2
tests/policy/test_interfaces_contract.py	2
tests/policy/test_m2_integration.py	2
tests/policy/test_os_hook.py	2
tests/policy/test_policy_check_overrides.py	3
tests/policy/test_policy_postgres_conformance.py	3
tests/policy/test_policy_service.py	2
tests/redteam/fixtures/generate_memory_injection_corpus_v1.py	4
tests/redteam/probes/mpd_closeout_smoke.py	2
tests/redteam/probes/mpd_feasibility_probe.py	2
tests/redteam/probes/test_mpd_closeout_smoke.py	3
tests/redteam/probes/test_mpd_feasibility_probe.py	3
tests/registry/test_interfaces_contract.py	2
tests/registry/test_registry_postgres_conformance.py	3
tests/retrieve/test_artifact_doc_ingestion.py	3
tests/retrieve/test_feedback_helpers.py	2
tests/retrieve/test_feedback_schema.py	2
tests/retrieve/test_interfaces_contract.py	2
tests/retrieve/test_negative_paths.py	2
tests/retrieve/test_resolve_retrieval_strategy.py	3
tests/retrieve/test_retrieval_edge_cases.py	3
tests/retrieve/test_retrieve_postgres_conformance.py	3
tests/retrieve/test_rmq_phase_a.py	3
tests/retrieve/test_rmq_phase_b.py	3
tests/retrieve/test_rmq_phase_c_config.py	4
tests/retrieve/test_rmq_phase_c_synonym_file.py	5
tests/retrieve/test_scope_keys.py	2
tests/retrieve/test_telemetry_ops.py	2
tests/rlm/test_interfaces_contract.py	2
tests/rlm/test_m3_integration.py	2
tests/rlm/test_m4_hardening.py	2
tests/rlm/test_m4_replay_fixtures.py	3
tests/routines/test_cron_executor_routine_integration.py	4
tests/routines/test_github_pr_review_e2e.py	4
tests/routines/test_pre_turn_canonical_path.py	4
tests/runtime/cli_entrypoint_paths.py	2
tests/runtime/test_audit_events.py	2
tests/runtime/test_audit_integration.py	2
tests/runtime/test_bootstrap_memory_retrieve_di.py	4
tests/runtime/test_cli_bootstrap.py	2
tests/runtime/test_cli_bootstrap_policy.py	3
tests/runtime/test_cli_main_signature_contract.py	4
tests/runtime/test_credentials_integration.py	2
tests/runtime/test_cron_scheduler.py	2
tests/runtime/test_cron_turn_executor.py	3
tests/runtime/test_daemon_streaming_events.py	3
tests/runtime/test_interfaces_contract.py	2
tests/runtime/test_kill_switch.py	2
tests/runtime/test_lifecycle_bridge.py	2
tests/runtime/test_manager_ingress_characterization.py	3
tests/runtime/test_manager_ingress_parity.py	3
tests/runtime/test_module_cli_debug_command_map.py	5
tests/runtime/test_module_cli_exemptions_policy.py	4
tests/runtime/test_module_cli_guards.py	3
tests/runtime/test_module_cli_helper_adoption.py	4
tests/runtime/test_module_cli_inventory_contract.py	4
tests/runtime/test_module_main_delegation.py	3
tests/runtime/test_plugin_runtime_policy.py	3
tests/runtime/test_runtime_config.py	2
tests/runtime/test_sample_cli.py	2
tests/runtime/test_self_model.py	2
tests/runtime/test_telemetry_ops.py	2
tests/runtime/test_turn_input_queue.py	3
tests/scripts/test_audit_characterization_snapshot_brittleness.py	4
tests/scripts/test_context_reset.py	2
tests/scripts/test_generate_tracker_index.py	3
tests/scripts/test_makefile_validate_patterns_parallel.py	4
tests/scripts/test_reconcile_tracker_metadata.py	3
tests/scripts/test_triage_qa_trackers.py	3
tests/scripts/test_validate_agent_execution_complexity.py	4
tests/scripts/test_validate_filename_underscore_hygiene.py	4
tests/scripts/test_validate_focus_layout.py	3
tests/scripts/test_validate_focus_widget_isolation.py	4
tests/scripts/test_validate_max_file_loc.py	4
tests/scripts/test_validate_no_source_e2e_artifact_refs.py	6
tests/scripts/test_validate_openminion_root_layout.py	4
tests/scripts/test_validate_path_structure_hygiene.py	4
tests/scripts/test_validate_prompt_literals.py	3
tests/scripts/test_validate_pydantic_extra_allow_audit.py	5
tests/scripts/test_validate_quality_resweep_additions.py	4
tests/scripts/test_validate_runner_delegates.py	3
tests/scripts/test_validate_services_layout.py	3
tests/scripts/test_validate_termination_reason_vocabulary.py	4
tests/scripts/validate/test_services_agent_memory_boundary.py	4
tests/secret/test_interfaces_contract.py	2
tests/secret/test_secret_postgres.py	2
tests/services/agent/_agent_service_support.py	3
tests/services/agent/execution/test_ar09_repeated_failure_sentinel.py	4
tests/services/agent/execution/test_ar13_finalization_trigger_widening.py	4
tests/services/agent/execution/test_ar14_empty_response_shared_validator.py	5
tests/services/agent/execution/test_ar15_deadline_predicate.py	3
tests/services/agent/execution/test_tool_follow_up.py	3
tests/services/agent/memory/test_sleep_runner.py	2
tests/services/agent/test_agent_execution.py	2
tests/services/agent/test_agent_lifecycle.py	2
tests/services/agent/test_candidate_first_learning.py	3
tests/services/agent/test_continuity_hardening.py	2
tests/services/agent/test_finalization_unwrap.py	2
tests/services/agent/test_lifecycle_hooks.py	2
tests/services/agent/test_mct04_final_answer_after_tool_failure.py	6
tests/services/agent/test_memory_benchmarks.py	2
tests/services/agent/test_memory_consolidation.py	2
tests/services/agent/test_memory_feedback_anti_llm_characterization.py	5
tests/services/agent/test_memory_gateway_adapter.py	3
tests/services/agent/test_memory_long_term.py	3
tests/services/agent/test_memory_provenance_recording.py	3
tests/services/agent/test_memory_v2_parity.py	3
tests/services/agent/test_mii_phase1_gateway.py	3
tests/services/agent/test_mii_phase2_handoff.py	3
tests/services/agent/test_mii_phase4_learning.py	3
tests/services/agent/test_mii_phase5_intelligence.py	3
tests/services/agent/test_ranking_unification.py	2
tests/services/agent/test_rcb_ingestion_bridge_integration.py	4
tests/services/agent/test_rcb_integration.py	2
tests/services/agent/test_rcb_session_integration.py	3
tests/services/agent/test_reflection_promotion.py	2
tests/services/agent/test_retrieval_pipeline.py	2
tests/services/agent/test_rmq_phase_a_gateway.py	4
tests/services/agent/test_rmq_phase_b_gateway.py	4
tests/services/agent/test_rmq_phase_c_gateway.py	4
tests/services/agent/test_runtime_client_structured_tool_choice.py	5
tests/services/agent/test_settings_lifecycle_hooks.py	3
tests/services/agent/test_skill_promotion_runner.py	3
tests/services/agent/test_tool_loop_quality.py	3
tests/services/agent/test_tool_selection.py	2
tests/services/agent/test_truth_maintenance.py	2
tests/services/agent/test_truth_maintenance_anti_llm_cleanup.py	5
tests/services/agent/test_typed_durable_memory.py	3
tests/services/agent/test_unforced_lane_recovery.py	3
tests/services/brain/test_current_date_evidence_grounding.py	4
tests/services/brain/test_llm_client_tool_role_attribution.py	5
tests/services/brain/test_llm_wrapper.py	2
tests/services/brain/test_package_init.py	2
tests/services/brain/test_post_execution.py	2
tests/services/brain/test_post_execution_reset.py	3
tests/services/brain/test_retrieve_factory.py	2
tests/services/brain/test_rlm_factory.py	2
tests/services/brain/test_vector_factory.py	2
tests/services/channel/test_channel_policy.py	2
tests/services/characterization/test_adaptive_loop_compatibility.py	3
tests/services/characterization/test_health_parity.py	2
tests/services/characterization/test_sidecar_consent_parity.py	3
tests/services/characterization/test_tool_selection_parity.py	3
tests/services/characterization/test_turn_flow_executor_decomposition.py	4
tests/services/characterization/test_turn_metadata_parity.py	3
tests/services/context/test_budget_semantics.py	2
tests/services/context/test_context_service.py	2
tests/services/context/test_session_slice_bridge.py	3
tests/services/context/test_summary_engine.py	2
tests/services/gateway/_gateway_service_support.py	3
tests/services/gateway/test_alvb_typed_terminal_dispatch.py	4
tests/services/gateway/test_contextctl_callsite_guard.py	3
tests/services/gateway/test_gateway_memory.py	2
tests/services/gateway/test_gateway_response.py	2
tests/services/gateway/test_gateway_security.py	2
tests/services/gateway/test_gateway_service.py	2
tests/services/gateway/test_gateway_streaming.py	2
tests/services/gateway/test_gateway_utils.py	2
tests/services/gateway/test_gopp_outbound_policy_prompt_routing.py	5
tests/services/gateway/test_gtgs_forbidden_fields.py	3
tests/services/gateway/test_gtgs_gateway_integration.py	3
tests/services/gateway/test_turn_intent.py	2
tests/services/gateway/test_turn_route_classification.py	3
tests/services/identity/test_public_exports.py	2
tests/services/prompting/test_prompting_contracts.py	2
tests/services/runtime/test_a2a_delegate_adapter.py	3
tests/services/runtime/test_alvb_forbidden_fields.py	3
tests/services/runtime/test_bootstrap_brain_runtime_db.py	4
tests/services/runtime/test_bootstrap_error_handling.py	3
tests/services/runtime/test_bootstrap_policy_mode.py	3
tests/services/runtime/test_bootstrap_session_context.py	3
tests/services/runtime/test_daytona_client.py	2
tests/services/runtime/test_daytona_runner.py	2
tests/services/runtime/test_engine_daytona_wiring.py	3
tests/services/runtime/test_session_profile_binding.py	3
tests/services/runtime/test_tess_04_approval_callback_threading.py	5
tests/services/runtime/test_tgcr_typed_run.py	3
tests/services/runtime/test_verifier_binding.py	2
tests/services/sandboxes/test_factory_matrix.py	2
tests/services/security/test_blast_radius_adapter.py	3
tests/services/security/test_blast_radius_production_paths.py	4
tests/services/security/test_security_policy.py	2
tests/services/security/test_security_validate.py	2
tests/services/security/test_tool_execution.py	2
tests/services/test_layout_characterization.py	2
tests/services/test_request_orchestrator_characterization.py	3
tests/services/test_request_orchestrator_context.py	3
tests/services/test_runtime_ingress_characterization.py	3
tests/services/test_runtime_ingress_contract.py	3
tests/services/test_runtime_ingress_parity.py	3
tests/services/test_self_improve_tokens_validator.py	4
tests/services/test_self_improvement_runtime_heuristics_cleanup.py	5
tests/services/test_shared_config.py	2
tests/services/test_tool_contract_v2_version.py	4
tests/services/tool/test_github_category_exposure.py	3
tests/services/tool/test_selection_full_catalog.py	3
tests/services/tool/test_task_category_exposure.py	3
tests/session/project/test_tpeo_project.py	2
tests/session/test_cron_jobs.py	2
tests/session/test_interfaces_contract.py	2
tests/session/test_migration_compat.py	2
tests/session/test_postgres_session_store.py	3
tests/session/test_pphh_startup_integrity.py	3
tests/session/test_replay_resume.py	2
tests/session/test_repository_adapter.py	2
tests/session/test_session_engine_integration.py	3
tests/session/test_session_integration.py	2
tests/session/test_session_store_construction.py	3
tests/session/test_sqlite_store_context.py	3
tests/session/test_sqlite_store_cron.py	3
tests/session/test_sqlite_store_events.py	3
tests/session/test_sqlite_store_replay.py	3
tests/session/test_sqlite_store_sessions.py	3
tests/session/test_sqlite_store_sidecar.py	3
tests/session/test_sqlite_store_slice.py	3
tests/session/test_sqlite_store_summary.py	3
tests/session/test_sqlite_store_v1.py	3
tests/session/test_store_phase2_characterization.py	3
tests/session/test_telemetry_ops.py	2
tests/session/test_v15_e2e_integration.py	3
tests/session/test_v15_session.py	2
tests/sidecar/test_sidecar_manager.py	2
tests/skill/learning/test_cli_learning.py	2
tests/skill/learning/test_workflow_learning.py	2
tests/skill/test_api_e2e.py	2
tests/skill/test_api_policy.py	2
tests/skill/test_bundle_metadata.py	2
tests/skill/test_cadence_pilot.py	2
tests/skill/test_cli_proposal_queue.py	3
tests/skill/test_cli_suggestion.py	2
tests/skill/test_config_defaults.py	2
tests/skill/test_controlplane_integration.py	2
tests/skill/test_external_catalog_selection.py	3
tests/skill/test_external_format.py	2
tests/skill/test_interfaces_contract.py	2
tests/skill/test_proposal_queue.py	2
tests/skill/test_proposal_queue_wiring.py	3
tests/skill/test_proposal_review.py	2
tests/skill/test_render_pipeline.py	2
tests/skill/test_sample_skills.py	2
tests/skill/test_selection_rag.py	2
tests/skill/test_skill_blob_retention.py	3
tests/skill/test_skill_budget_and_packing.py	4
tests/skill/test_skill_flow_chain.py	3
tests/skill/test_skill_match_narrowing.py	3
tests/skill/test_skill_postgres_conformance.py	3
tests/skill/test_skill_preroute_to_context.py	4
tests/skill/test_skill_retrieve_callback.py	3
tests/skill/test_skill_trust_state_machine.py	4
tests/skill/test_telemetry_ops.py	2
tests/skill/test_workflow_models.py	2
tests/skills/runners/run_nl_named_skill_baseline.py	4
tests/skills/runners/run_skill_prerouting_resilience_report.py	4
tests/skills/runners/run_skill_selection_ab_probe.py	4
tests/sscr/test_repro_harness.py	2
tests/storage/postgres_test_utils.py	2
tests/storage/test_backend_conformance.py	2
tests/storage/test_backend_registry.py	2
tests/storage/test_blob_store.py	2
tests/storage/test_bulk_insert_and_streaming.py	4
tests/storage/test_check_schema_drift_script.py	4
tests/storage/test_cli_progress_wiring.py	3
tests/storage/test_dr_drill.py	2
tests/storage/test_engine_config_pool_fields.py	4
tests/storage/test_engine_hybrid.py	2
tests/storage/test_interfaces_contract.py	2
tests/storage/test_migration_telemetry.py	2
tests/storage/test_migrations_policy.py	2
tests/storage/test_migrations_registry.py	2
tests/storage/test_migrations_runner.py	2
tests/storage/test_module_alembic_onboarding.py	3
tests/storage/test_module_integrity.py	2
tests/storage/test_module_ops.py	2
tests/storage/test_omx_cross_backend.py	3
tests/storage/test_omx_partial_export.py	3
tests/storage/test_omx_roundtrip.py	2
tests/storage/test_pool_health.py	2
tests/storage/test_progress_reporter.py	2
tests/storage/test_record_store_postgres_pool_recycle.py	5
tests/storage/test_retrieval_service.py	2
tests/storage/test_runtime_schema_drift_warning.py	4
tests/storage/test_schema_drift.py	2
tests/storage/test_shared_fixtures.py	2
tests/storage/test_startup_validation.py	2
tests/storage/test_storage_telemetry_hook.py	3
tests/storage/test_storagectl_cli.py	2
tests/task/test_interfaces_contract.py	2
tests/task/test_project_run.py	2
tests/task/test_repository_sql.py	2
tests/task/test_task_postgres_conformance.py	3
tests/telemetry/test_chat_phase_timing.py	3
tests/telemetry/test_chat_phase_timing_ingress.py	4
tests/telemetry/test_cli_summary.py	2
tests/telemetry/test_crtl_baseline_runner.py	3
tests/telemetry/test_event_catalog.py	2
tests/telemetry/test_gen_ai_semantic_conventions.py	4
tests/telemetry/test_interfaces_contract.py	2
tests/telemetry/test_logfire_adapter.py	2
tests/telemetry/test_module_events.py	2
tests/telemetry/test_module_ops_compat.py	3
tests/telemetry/test_otel_export.py	2
tests/telemetry/test_performance_baseline_runner.py	3
tests/telemetry/test_rollout_safety.py	2
tests/telemetry/test_runtime_self_awareness_events.py	4
tests/telemetry/test_telemetry_postgres_conformance.py	3
tests/telemetry/test_trace_owner_contract.py	3
tests/test_agent_check_command.py	3
tests/test_agent_commands.py	2
tests/test_agent_feedback_helpers.py	3
tests/test_agent_identity.py	2
tests/test_agent_inspect.py	2
tests/test_anthropic_provider.py	2
tests/test_api_command.py	2
tests/test_api_correlation.py	2
tests/test_api_degraded_mode.py	3
tests/test_api_gateway.py	2
tests/test_api_health.py	2
tests/test_api_metrics.py	2
tests/test_api_metrics_service.py	3
tests/test_api_request_parsing.py	3
tests/test_api_response_headers.py	3
tests/test_api_runs.py	2
tests/test_api_runtime.py	2
tests/test_api_sessions.py	2
tests/test_api_streaming_transport.py	3
tests/test_api_timeouts.py	2
tests/test_api_turns.py	2
tests/test_api_v1_runtime.py	3
tests/test_brain_bridge_parity.py	3
tests/test_capability_fallback_unit.py	3
tests/test_channel_envelope_e2e.py	3
tests/test_channel_envelope_regression.py	3
tests/test_chat_no_legacy.py	3
tests/test_chat_theme_regression.py	3
tests/test_cli_parser.py	2
tests/test_config_command.py	2
tests/test_config_helpers.py	2
tests/test_config_manager.py	2
tests/test_config_manager_derived_configs.py	4
tests/test_conversation_lifecycle.py	2
tests/test_cortensor_e2e_suite.py	3
tests/test_crdh_regression.py	2
tests/test_cron_command.py	2
tests/test_cross_module_compatibility_suite.py	4
tests/test_cted_regression.py	2
tests/test_daemon_command.py	2
tests/test_daemon_resilience.py	2
tests/test_doctor_command.py	2
tests/test_e2e_artifact_paths.py	3
tests/test_ecc104_runtime_env_propagation.py	4
tests/test_ecc201_config_manager_env_sweep.py	5
tests/test_ecc202_provider_env_owner.py	4
tests/test_ecc403_storage_session_env_owner.py	5
tests/test_envb_apply_runtime_environment.py	4
tests/test_envb_subprocess_env_helper.py	4
tests/test_fault_injection.py	2
tests/test_file_storage_backend_resolver.py	4
tests/test_file_tool_characterization.py	3
tests/test_gateway_compatibility.py	2
tests/test_generated_artifact_paths.py	3
tests/test_health_doctor_probe_parity.py	4
tests/test_idempotency_store.py	2
tests/test_identity_command.py	2
tests/test_integration_gateway_api_break_fix.py	5
tests/test_legacy_opt_in.py	3
tests/test_llm_bridge_normalization.py	3
tests/test_local_storage_backend.py	3
tests/test_logging_config.py	2
tests/test_memory_effective_behavior.py	3
tests/test_memory_identity_e2e.py	3
tests/test_memory_storage_backend.py	3
tests/test_monorepo_migration_shims.py	3
tests/test_no_vendor_leak_core_path.py	5
tests/test_ollama_provider.py	2
tests/test_onboarding_service.py	2
tests/test_openai_provider.py	2
tests/test_openrouter_provider.py	2
tests/test_owner_status.py	2
tests/test_package_init_imports.py	3
tests/test_package_layout.py	2
tests/test_package_metadata.py	2
tests/test_pinned_context_contract.py	3
tests/test_plugin_discovery.py	2
tests/test_plugin_extensions.py	2
tests/test_plugin_hook_runner.py	3
tests/test_plugin_manifest.py	2
tests/test_provider_factory.py	2
tests/test_provider_neutral_chat_behavior.py	4
tests/test_provider_neutral_chat_integration.py	4
tests/test_provider_registry.py	2
tests/test_provider_response_normalization.py	3
tests/test_public_first_run_cli.py	4
tests/test_rcl11_reintroduction_guard.py	3
tests/test_remaining_simplification_cleanup.py	3
tests/test_retrieve_activation.py	2
tests/test_room_cli.py	2
tests/test_rrpcr_remaining_parity.py	3
tests/test_rrpcu_regression.py	2
tests/test_run_command.py	2
tests/test_run_status.py	2
tests/test_runtime_heuristic_routing_guard.py	4
tests/test_scaffold_command.py	2
tests/test_self_improvement.py	2
tests/test_session_store.py	2
tests/test_sessions_cli.py	2
tests/test_skill_fixtures.py	2
tests/test_skill_harness.py	2
tests/test_skill_learn_use_regression.py	4
tests/test_skill_nl_url_ingest.py	4
tests/test_skill_prerouting_resilience_report.py	4
tests/test_skill_rollback.py	2
tests/test_skill_scenarios.py	2
tests/test_status_command.py	2
tests/test_storage_abstraction_boundaries.py	3
tests/test_storage_abstraction_module_boundaries.py	4
tests/test_storage_backend_contract.py	3
tests/test_storage_migrations.py	2
tests/test_storage_provider_selection.py	3
tests/test_time_command.py	2
tests/test_tool_alias_cleanup.py	3
tests/test_tool_arg_repair_characterization.py	4
tests/test_tool_binding_policy_manager.py	4
tests/test_tool_call_normalizer.py	3
tests/test_tool_calling.py	2
tests/test_tool_calling_minimax.py	3
tests/test_tool_calling_permutations.py	3
tests/test_tool_contracts_invariants.py	3
tests/test_tool_execution_runtime.py	3
tests/test_tool_exposure.py	2
tests/test_tool_grounding_footer.py	3
tests/test_tool_id_constants_tier_a_guard.py	6
tests/test_tool_model_facing_guard.py	4
tests/test_tool_module_registrar.py	3
tests/test_tool_policy_enforcement.py	3
tests/test_tool_registry.py	2
tests/test_tool_registry_manager.py	3
tests/test_tool_registry_parity.py	3
tests/test_tool_schema_service.py	3
tests/test_tool_selection.py	2
tests/test_tool_selection_provider_compat.py	4
tests/test_tools_command.py	2
tests/test_turn_router.py	2
tests/test_untrusted_content.py	2
tests/test_user_io.py	2
tests/test_vector_e2e.py	2
tests/test_verify_command.py	2
tests/test_version_command.py	2
tests/tool/authoring/test_audit_sink.py	2
tests/tool/authoring/test_authored_tool_filtering.py	3
tests/tool/authoring/test_introspection_tools.py	2
tests/tool/authoring/test_policy_grant.py	2
tests/tool/authoring/test_runtime_bootstrap.py	2
tests/tool/authoring/test_service_author.py	2
tests/tool/authoring/test_service_inspect.py	2
tests/tool/authoring/test_service_register.py	2
tests/tool/authoring/test_static_inspector.py	2
tests/tool/authoring/test_storage_foundation.py	2
tests/tool/authoring/test_test_inspector.py	2
tests/tools/exec/test_command_parser.py	2
tests/tools/exec/test_interfaces_contract.py	2
tests/tools/exec/test_process_shell_family.py	3
tests/tools/exec/test_sandbox_e2e.py	2
tests/tools/exec/test_session_semantics.py	2
tests/tools/exec/test_telemetry_ops.py	2
tests/tools/fetch/test_core_http_provider.py	3
tests/tools/fetch/test_firecrawl_integration.py	2
tests/tools/fetch/test_pphh_fetch_policy.py	3
tests/tools/fetch_firecrawl/test_interface_contract.py	2
tests/tools/fetch_firecrawl/test_provider_registrar.py	2
tests/tools/fetch_tinyfish/test_interfaces_contract.py	2
tests/tools/fetch_tinyfish/test_provider_registrar.py	2
tests/tools/file/test_interfaces_contract.py	2
tests/tools/file/test_pphh_local_backend_symlink.py	4
tests/tools/file/test_read_aliases.py	2
tests/tools/framework/test_surface_equivalence.py	2
tests/tools/git/test_git_branch_checkout.py	3
tests/tools/git/test_git_index_commit_stash.py	4
tests/tools/git/test_git_parsers.py	2
tests/tools/git/test_git_recovery.py	2
tests/tools/git/test_git_tools.py	2
tests/tools/git/test_workspace_root_resolution.py	3
tests/tools/github/test_rest_provider.py	2
tests/tools/github/test_write_policy.py	2
tests/tools/gws/test_e2e_matrix.py	2
tests/tools/gws/test_interfaces_contract.py	2
tests/tools/gws/test_smoke_mock.py	2
tests/tools/location/test_storage_dependency_errors.py	3
tests/tools/mcp/test_mcp_registrar.py	2
tests/tools/mcp/test_server_publish.py	2
tests/tools/ops/test_operator_surfaces.py	2
tests/tools/ops/test_ssh_transport.py	2
tests/tools/plan/test_plan_tool_shim.py	3
tests/tools/plan/test_plan_tools.py	2
tests/tools/plan/test_plan_tools_sweep.py	3
tests/tools/reaction/test_interfaces_contract.py	2
tests/tools/search/test_env_centralization.py	2
tests/tools/search/test_fault_harness.py	2
tests/tools/search/test_provider_chain.py	2
tests/tools/search/test_provider_entry_points.py	3
tests/tools/search_brave/test_interfaces_contract.py	2
tests/tools/search_brave/test_web_search_tool.py	3
tests/tools/search_firecrawl/test_interfaces_contract.py	2
tests/tools/search_firecrawl/test_provider_registrar.py	2
tests/tools/search_serpapi/test_interfaces_contract.py	2
tests/tools/search_serpapi/test_provider_registrar.py	2
tests/tools/search_serper/test_interfaces_contract.py	2
tests/tools/search_serper/test_provider_registrar.py	2
tests/tools/search_tavily/test_interfaces_contract.py	2
tests/tools/search_tavily/test_tavily_search.py	2
tests/tools/search_tinyfish/test_interfaces_contract.py	2
tests/tools/search_tinyfish/test_provider_registrar.py	2
tests/tools/skill/test_inspect_patterns.py	2
tests/tools/skill/test_llm_skill_tools.py	3
tests/tools/skill/test_url_ingest.py	2
tests/tools/task/test_pr_review_renderer.py	3
tests/tools/task/test_pr_review_schemas.py	3
tests/tools/task/test_routine_dispatcher.py	2
tests/tools/task/test_routine_payload.py	2
tests/tools/task/test_storage_dependency_errors.py	3
tests/tools/test_agent_delegation.py	2
tests/tools/test_approval_pending.py	2
tests/tools/test_browser_pinchtab_cli.py	3
tests/tools/test_call_pipeline.py	2
tests/tools/test_cli_call_behavior.py	3
tests/tools/test_code_tool_characterization.py	3
tests/tools/test_exec_cli.py	2
tests/tools/test_interface_contracts.py	2
tests/tools/test_module_layout.py	2
tests/tools/test_plugin_runtime.py	2
tests/tools/test_plugins_contract.py	2
tests/tools/test_policy_additional.py	2
tests/tools/test_policy_commands.py	2
tests/tools/test_policy_confirm.py	2
tests/tools/test_policy_dangerous.py	2
tests/tools/test_policy_exec_approvals.py	3
tests/tools/test_policy_paths.py	2
tests/tools/test_run_root_data_root.py	4
tests/tools/test_runtime_context.py	2
tests/tools/test_runtime_routing.py	2
tests/tools/test_shared_base_config_constants.py	4
tests/tools/test_smoke_cli.py	2
tests/tools/test_todo_write.py	2
tests/tools/test_tool_inventory.py	2
tests/tools/test_tools_fs_security.py	3
tests/tools/test_tools_layout_characterization.py	3
tests/tools/test_tools_layout_validator.py	3
tests/tools/time/test_storage_dependency_errors.py	3
tests/tools/weather_openmeteo/test_interfaces_contract.py	2
tests/tools/weather_weatherapi/test_provider_registrar.py	2
